filename,chroma_stft,spectral_centroid,spectral_bandwidth,rolloff,zero_crossing_rate,mfcc1,mfcc2,mfcc3,mfcc4,mfcc5,mfcc6,mfcc7,mfcc8,mfcc9,mfcc10,mfcc11,mfcc12,mfcc13,mfcc14,mfcc15,mfcc16,mfcc17,mfcc18,mfcc19,mfcc20,class_predicted
AHaTakeOnMe.wav,0.318708628416,1507.60461997,2119.96835799,3608.76984493,0.022333198287499998,-237.563613892,94.738899231,-2.9085042476700003,40.3416748047,0.7171238064769999,14.101270675699999,-5.6228232383700005,8.076244354249999,-0.00505127338693,10.8455820084,5.85690164566,11.0765962601,2.12199997902,2.4680285453799997,-2.47309422493,1.39773058891,-0.361589163542,4.81237745285,0.145338788629,5.085351943969999,8
Pirates.wav,0.2908180058,1447.7898554,1638.88336624,3110.73118983,0.061841273824500005,-227.14613342299998,132.443969727,-39.2522125244,60.8024253845,-8.468914985660001,20.9795913696,-12.6774301529,3.5008068084699993,-9.826336860660001,1.45460855961,-4.02287101746,-0.662989258766,-8.9430437088,-1.8474198579799999,-9.334243774410002,-4.2320189476,-1.47174203396,-2.4321947097799996,-2.40697979927,1.41018044949,8
